Date,Children apprehended and placed in CBP custody*,Children in CBP custody,Children transferred out of CBP custody,Children in HHS Care,Children discharged from HHS Care,lag_1,lag_7,lag_14,rolling_7,rolling_14,Net_Pressure,Capacity_Risk
2023-02-09,124,234,161,7908.0,353,7915.0,7803.0,6566.0,7823.714285714285,7654.071428571428,-192,0
2023-02-12,92,203,173,7434.0,317,7908.0,7903.0,7122.0,7756.714285714285,7676.357142857143,-144,0
2023-02-13,186,259,172,7483.0,244,7434.0,7879.0,7280.0,7700.142857142857,7690.857142857143,-72,0
2023-02-14,154,225,220,7794.0,223,7483.0,7586.0,7433.0,7729.857142857143,7716.642857142857,-3,1
2023-02-15,91,199,172,7869.0,290,7794.0,7720.0,7538.0,7751.142857142857,7740.285714285715,-118,0
2023-02-16,81,213,153,7793.0,361,7869.0,7855.0,7472.0,7742.285714285715,7763.214285714285,-208,0
2023-02-20,209,285,184,7817.0,209,7793.0,7915.0,7743.0,7728.285714285715,7768.5,-25,1
2023-02-21,184,314,217,7967.0,213,7817.0,7908.0,7803.0,7736.714285714285,7780.214285714285,4,1
2023-02-22,107,215,230,7978.0,232,7967.0,7434.0,7903.0,7814.428571428572,7785.571428571428,-2,1
2023-02-23,101,162,178,7914.0,386,7978.0,7483.0,7879.0,7876.0,7788.071428571428,-208,0
2023-02-26,99,190,176,7609.0,323,7914.0,7794.0,7586.0,7849.571428571428,7789.714285714285,-147,0
2023-02-27,167,239,166,7800.0,248,7609.0,7869.0,7720.0,7839.714285714285,7795.428571428572,-82,0
2023-02-28,115,216,169,7896.0,200,7800.0,7793.0,7855.0,7854.428571428572,7798.357142857143,-31,1
2023-03-01,84,158,193,7930.0,307,7896.0,7817.0,7915.0,7870.571428571428,7799.428571428572,-114,0
2023-03-02,130,227,192,7870.0,335,7930.0,7967.0,7908.0,7856.714285714285,7796.714285714285,-143,0
2023-03-07,88,214,160,7859.0,259,7870.0,7978.0,7434.0,7839.714285714285,7827.071428571428,-99,0
2023-03-08,113,208,159,7885.0,291,7859.0,7914.0,7483.0,7835.571428571428,7855.785714285715,-132,0
2023-03-09,174,285,150,7786.0,340,7885.0,7609.0,7794.0,7860.857142857143,7855.214285714285,-190,0
2023-03-13,104,230,206,7567.0,249,7786.0,7800.0,7869.0,7827.571428571428,7833.642857142857,-43,0
2023-03-14,147,276,214,7810.0,181,7567.0,7896.0,7793.0,7815.285714285715,7834.857142857143,33,1
2023-03-15,108,220,213,7915.0,286,7810.0,7930.0,7817.0,7813.142857142857,7841.857142857143,-73,0
2023-03-16,180,280,146,7989.0,308,7915.0,7870.0,7967.0,7830.142857142857,7843.428571428572,-162,0
2023-03-19,134,294,186,7885.0,306,7989.0,7859.0,7978.0,7833.857142857143,7836.785714285715,-120,0
2023-03-20,202,313,158,7931.0,279,7885.0,7885.0,7914.0,7840.428571428572,7838.0,-121,0
2023-03-21,110,272,193,8050.0,221,7931.0,7786.0,7609.0,7878.142857142857,7869.5,-28,1
2023-03-22,166,277,229,8097.0,246,8050.0,7567.0,7800.0,7953.857142857143,7890.714285714285,-17,1
2023-03-23,136,276,178,8102.0,331,8097.0,7810.0,7896.0,7995.571428571428,7905.428571428572,-153,0
2023-03-26,87,246,173,7847.0,352,8102.0,7915.0,7930.0,7985.857142857143,7899.5,-179,0
2023-03-27,84,171,157,7994.0,235,7847.0,7989.0,7870.0,7986.571428571428,7908.357142857143,-78,0
2023-03-28,167,209,157,8079.0,223,7994.0,7885.0,7859.0,8014.285714285715,7924.071428571428,-66,0
2023-03-29,109,245,159,8208.0,267,8079.0,7931.0,7885.0,8053.857142857143,7947.142857142857,-108,0
2023-03-30,156,256,176,8158.0,359,8208.0,8050.0,7786.0,8069.285714285715,7973.714285714285,-183,0
2023-04-02,125,232,192,7981.0,304,8158.0,8097.0,7567.0,8052.714285714285,8003.285714285715,-112,0
2023-04-03,118,139,168,8054.0,284,7981.0,8102.0,7810.0,8045.857142857143,8020.714285714285,-116,0
2023-04-04,142,235,139,8068.0,259,8054.0,7847.0,7915.0,8077.428571428572,8031.642857142857,-120,0
2023-04-05,148,245,175,8175.0,260,8068.0,7994.0,7989.0,8103.285714285715,8044.928571428572,-85,0
2023-04-06,119,219,210,8178.0,284,8175.0,8079.0,7885.0,8117.428571428572,8065.857142857143,-74,0
2023-04-09,105,210,149,7900.0,329,8178.0,8208.0,7931.0,8073.428571428572,8063.642857142857,-180,0
2023-04-10,143,203,163,7826.0,265,7900.0,8158.0,8050.0,8026.0,8047.642857142857,-102,0
2023-04-11,119,209,152,7922.0,187,7826.0,7981.0,8097.0,8017.571428571428,8035.142857142857,-35,1
2023-04-12,155,212,181,7876.0,283,7922.0,8054.0,8102.0,7992.142857142857,8019.0,-102,0
2023-04-13,109,214,173,7795.0,370,7876.0,8068.0,7847.0,7953.142857142857,8015.285714285715,-197,0
2023-04-16,191,283,192,7380.0,272,7795.0,8175.0,7994.0,7839.571428571428,7971.428571428572,-80,0
2023-04-17,170,297,196,7344.0,248,7380.0,8178.0,8079.0,7720.428571428572,7918.928571428572,-52,0
2023-04-18,152,272,214,7376.0,234,7344.0,7900.0,8208.0,7645.571428571428,7859.5,-20,1
2023-04-19,239,367,224,7356.0,229,7376.0,7826.0,8158.0,7578.428571428572,7802.214285714285,-5,1
2023-04-20,113,280,237,7490.0,320,7356.0,7922.0,7981.0,7516.714285714285,7767.142857142857,-83,0
2023-04-23,196,306,187,7534.0,266,7490.0,7876.0,8054.0,7467.857142857143,7730.0,-79,0
2023-04-24,236,330,222,7796.0,213,7534.0,7795.0,8068.0,7468.0,7710.571428571428,9,1
2023-04-25,81,230,242,8017.0,202,7796.0,7380.0,8175.0,7559.0,7699.285714285715,40,1
2023-04-26,118,245,160,8117.0,256,8017.0,7344.0,8178.0,7669.428571428572,7694.928571428572,-96,0
2023-04-27,218,283,208,8159.0,310,8117.0,7376.0,7900.0,7781.285714285715,7713.428571428572,-102,0
2023-04-30,132,243,183,8352.0,293,8159.0,7356.0,7826.0,7923.571428571428,7751.0,-110,0
2023-05-01,224,315,152,8492.0,237,8352.0,7490.0,7922.0,8066.714285714285,7791.714285714285,-85,0
2023-05-02,167,326,213,8654.0,245,8492.0,7534.0,7876.0,8226.714285714286,7847.285714285715,-32,1
2023-05-03,209,353,232,8704.0,267,8654.0,7796.0,7795.0,8356.42857142857,7912.214285714285,-35,1
2023-05-04,153,253,286,8790.0,332,8704.0,8017.0,7380.0,8466.857142857143,8012.928571428572,-46,0
2023-05-07,180,337,219,8485.0,375,8790.0,8117.0,7344.0,8519.42857142857,8094.428571428572,-156,0
2023-05-08,133,287,189,8590.0,261,8485.0,8159.0,7376.0,8581.0,8181.142857142857,-72,0
2023-05-09,187,310,247,8606.0,250,8590.0,8352.0,7356.0,8617.285714285714,8270.42857142857,-3,1
2023-05-10,168,285,210,8681.0,304,8606.0,8492.0,7490.0,8644.285714285714,8355.5,-94,0
2023-05-11,269,412,204,8672.0,392,8681.0,8654.0,7534.0,8646.857142857143,8436.785714285714,-188,0
2023-05-14,100,255,236,8445.0,288,8672.0,8704.0,7796.0,8609.857142857143,8483.142857142857,-52,0
2023-05-15,205,294,177,8571.0,277,8445.0,8790.0,8017.0,8578.57142857143,8522.714285714286,-100,0
2023-05-16,161,304,211,8572.0,272,8571.0,8485.0,8117.0,8591.0,8555.214285714286,-61,0
2023-05-17,57,162,193,8569.0,307,8572.0,8590.0,8159.0,8588.0,8584.5,-114,0
2023-05-18,80,122,152,8474.0,351,8569.0,8606.0,8352.0,8569.142857142857,8593.214285714286,-199,0
2023-05-21,107,170,133,7826.0,343,8474.0,8681.0,8492.0,8447.0,8545.642857142857,-210,0
2023-05-22,99,156,139,7848.0,240,7826.0,8672.0,8654.0,8329.285714285714,8488.07142857143,-101,0
2023-05-23,25,66,94,7788.0,246,7848.0,8445.0,8704.0,8235.42857142857,8422.642857142857,-152,0
2023-05-24,35,70,53,7709.0,276,7788.0,8571.0,8790.0,8112.285714285715,8345.42857142857,-223,0
2023-05-25,43,73,64,7546.0,408,7709.0,8572.0,8485.0,7965.714285714285,8278.357142857143,-344,0
2023-05-29,41,60,71,6996.0,207,7546.0,8569.0,8590.0,7741.0,8164.5,-136,0
2023-05-30,65,83,65,7046.0,168,6996.0,8474.0,8606.0,7537.0,8053.071428571428,-103,0
2023-05-31,38,80,82,7053.0,210,7046.0,7826.0,8681.0,7426.571428571428,7936.785714285715,-128,0
2023-06-01,56,82,68,7002.0,287,7053.0,7848.0,8672.0,7305.714285714285,7817.5,-219,0
2023-06-04,74,103,80,6555.0,292,7002.0,7788.0,8445.0,7129.571428571428,7682.5,-212,0
2023-06-05,68,107,102,6523.0,189,6555.0,7709.0,8571.0,6960.142857142857,7536.214285714285,-87,0
2023-06-06,92,124,93,6508.0,187,6523.0,7546.0,8572.0,6811.857142857143,7388.785714285715,-94,0
2023-06-07,113,162,107,6483.0,208,6508.0,6996.0,8569.0,6738.571428571428,7239.785714285715,-101,0
2023-06-08,106,196,131,6446.0,255,6483.0,7046.0,8474.0,6652.857142857143,7094.928571428572,-124,0
2023-06-11,86,152,168,6007.0,238,6446.0,7053.0,7826.0,6503.428571428572,6965.0,-70,0
2023-06-12,84,118,136,6021.0,177,6007.0,7002.0,7848.0,6363.285714285715,6834.5,-41,1
2023-06-13,59,64,117,6061.0,146,6021.0,6555.0,7788.0,6292.714285714285,6711.142857142857,-29,1
2023-06-14,62,97,52,6065.0,167,6061.0,6523.0,7709.0,6227.285714285715,6593.714285714285,-115,0
2023-06-15,91,75,97,6038.0,272,6065.0,6508.0,7546.0,6160.142857142857,6486.0,-175,0
2023-06-19,29,51,11,5679.0,142,6038.0,6483.0,6996.0,6045.285714285715,6391.928571428572,-131,0
2023-06-20,33,53,34,5904.0,134,5679.0,6446.0,7046.0,5967.857142857143,6310.357142857143,-100,0
2023-06-21,93,196,169,5922.0,149,5904.0,6007.0,7053.0,5955.714285714285,6229.571428571428,20,1
2023-06-22,124,234,161,5956.0,207,5922.0,6021.0,7002.0,5946.428571428572,6154.857142857143,-46,0
2023-06-25,92,203,173,5766.0,263,5956.0,6061.0,6555.0,5904.285714285715,6098.5,-90,0
2023-06-26,186,259,172,5819.0,174,5766.0,6065.0,6523.0,5869.142857142857,6048.214285714285,-2,1
2023-06-27,154,225,220,5917.0,155,5819.0,6038.0,6508.0,5851.857142857143,6006.0,65,1
2023-06-28,91,199,172,5999.0,174,5917.0,5679.0,6483.0,5897.571428571428,5971.428571428572,-2,1
2023-06-29,81,213,153,6058.0,213,5999.0,5904.0,6446.0,5919.571428571428,5943.714285714285,-60,0
2023-07-02,209,285,184,5903.0,309,6058.0,5922.0,6007.0,5916.857142857143,5936.285714285715,-125,0
2023-07-04,184,314,217,6127.0,124,5903.0,5956.0,6021.0,5941.285714285715,5943.857142857143,93,1
2023-07-05,107,215,230,6193.0,167,6127.0,5766.0,6061.0,6002.285714285715,5953.285714285715,63,1
2023-07-06,101,162,178,6239.0,205,6193.0,5819.0,6065.0,6062.285714285715,5965.714285714285,-27,1
2023-07-09,99,190,176,6214.0,196,6239.0,5917.0,6038.0,6104.714285714285,5978.285714285715,-20,1
2023-07-10,167,239,166,6346.0,163,6214.0,5999.0,5679.0,6154.285714285715,6025.928571428572,3,1
2023-07-11,115,216,169,6498.0,143,6346.0,6058.0,5904.0,6217.142857142857,6068.357142857143,26,1
2023-07-12,84,158,193,6521.0,210,6498.0,5903.0,5922.0,6305.428571428572,6111.142857142857,-17,1
2023-07-13,130,227,192,6604.0,226,6521.0,6127.0,5956.0,6373.571428571428,6157.428571428572,-34,1
2023-07-16,88,214,160,6468.0,218,6604.0,6193.0,5766.0,6412.857142857143,6207.571428571428,-58,0
2023-07-17,113,208,159,6632.0,160,6468.0,6239.0,5819.0,6469.0,6265.642857142857,-1,1
2023-07-18,174,285,150,6874.0,181,6632.0,6214.0,5917.0,6563.285714285715,6334.0,-31,1
2023-07-19,104,230,206,7001.0,226,6874.0,6346.0,5999.0,6656.857142857143,6405.571428571428,-20,1
2023-07-20,147,276,214,7116.0,281,7001.0,6498.0,6058.0,6745.142857142857,6481.142857142857,-67,0
2023-07-23,108,220,213,7052.0,276,7116.0,6521.0,5903.0,6821.0,6563.214285714285,-63,0
2023-07-24,180,280,146,7220.0,187,7052.0,6604.0,6127.0,6909.0,6641.285714285715,-41,1
2023-07-25,134,294,186,7510.0,136,7220.0,6468.0,6193.0,7057.857142857143,6735.357142857143,50,1
2023-07-26,202,313,158,7647.0,215,7510.0,6632.0,6239.0,7202.857142857143,6835.928571428572,-57,0
2023-07-27,110,272,193,7754.0,259,7647.0,6874.0,6214.0,7328.571428571428,6945.928571428572,-66,0
2023-07-30,166,277,229,7671.0,305,7754.0,7001.0,6346.0,7424.285714285715,7040.571428571428,-76,0
2023-07-31,136,276,178,7800.0,220,7671.0,7116.0,6498.0,7522.0,7133.571428571428,-42,0
2023-08-01,87,246,173,8103.0,168,7800.0,7052.0,6521.0,7672.142857142857,7246.571428571428,5,1
2023-08-02,84,171,157,8261.0,271,8103.0,7220.0,6604.0,7820.857142857143,7364.928571428572,-114,0
2023-08-03,167,209,157,8294.0,339,8261.0,7510.0,6468.0,7932.857142857143,7495.357142857143,-182,0
2023-08-06,109,245,159,8298.0,322,8294.0,7647.0,6632.0,8025.857142857143,7614.357142857143,-163,0
2023-08-07,156,256,176,8493.0,202,8298.0,7754.0,6874.0,8131.428571428572,7730.0,-26,1
2023-08-08,125,232,192,8725.0,207,8493.0,7671.0,7001.0,8282.0,7853.142857142857,-15,1
2023-08-09,118,139,168,8888.0,251,8725.0,7800.0,7116.0,8437.42857142857,7979.714285714285,-83,0
2023-08-10,142,235,139,8914.0,353,8888.0,8103.0,7052.0,8553.285714285714,8112.714285714285,-214,0
2023-08-16,148,245,175,9634.0,288,8914.0,8261.0,7220.0,8749.42857142857,8285.142857142857,-113,0
2023-08-17,119,219,210,9694.0,407,9634.0,8294.0,7510.0,8949.42857142857,8441.142857142857,-197,0
2023-08-20,105,210,149,9483.0,390,9694.0,8298.0,7647.0,9118.714285714286,8572.285714285714,-241,0
2023-08-21,143,203,163,9668.0,281,9483.0,8493.0,7754.0,9286.57142857143,8709.0,-118,0
2023-08-22,119,209,152,9921.0,230,9668.0,8725.0,7671.0,9457.42857142857,8869.714285714286,-78,0
2023-08-23,155,212,181,10071.0,285,9921.0,8888.0,7800.0,9626.42857142857,9031.92857142857,-104,0
2023-08-24,109,214,173,10026.0,443,10071.0,8914.0,8103.0,9785.285714285714,9169.285714285714,-270,0
2023-08-27,191,283,192,9873.0,488,10026.0,9634.0,8261.0,9819.42857142857,9284.42857142857,-296,0
2023-08-28,170,297,196,10012.0,388,9873.0,9694.0,8294.0,9864.857142857143,9407.142857142857,-192,0
2023-08-29,152,272,214,10180.0,286,10012.0,9483.0,8298.0,9964.42857142857,9541.57142857143,-72,0
2023-08-30,239,367,224,10280.0,366,10180.0,9668.0,8493.0,10051.857142857143,9669.214285714286,-142,0
2023-08-31,113,280,237,10140.0,505,10280.0,9921.0,8725.0,10083.142857142857,9770.285714285714,-268,0
2023-09-04,196,306,187,9988.0,293,10140.0,10071.0,8888.0,10071.285714285714,9848.857142857143,-106,0
2023-09-05,236,330,222,10142.0,243,9988.0,10026.0,8914.0,10087.857142857143,9936.57142857143,-21,1
2023-09-06,81,230,242,10356.0,291,10142.0,9873.0,9634.0,10156.857142857143,9988.142857142857,-49,0
2023-09-07,118,245,160,10419.0,398,10356.0,10012.0,9694.0,10215.0,10039.92857142857,-238,0
2023-09-10,218,283,208,10282.0,382,10419.0,10180.0,9483.0,10229.57142857143,10097.0,-174,0
2023-09-11,132,243,183,10492.0,277,10282.0,10280.0,9668.0,10259.857142857143,10155.857142857143,-94,0
2023-09-12,224,315,152,10649.0,316,10492.0,10140.0,9921.0,10332.57142857143,10207.857142857143,-164,0
2023-09-13,167,326,213,10678.0,343,10649.0,9988.0,10071.0,10431.142857142857,10251.214285714286,-130,0
2023-09-14,209,353,232,10837.0,414,10678.0,10142.0,10026.0,10530.42857142857,10309.142857142857,-182,0
2023-09-17,153,253,286,10799.0,427,10837.0,10356.0,9873.0,10593.714285714286,10375.285714285714,-141,0
2023-09-18,180,337,219,10892.0,313,10799.0,10419.0,10012.0,10661.285714285714,10438.142857142857,-94,0
2023-09-19,133,287,189,11095.0,260,10892.0,10282.0,10180.0,10777.42857142857,10503.5,-71,0
2023-09-20,187,310,247,11064.0,364,11095.0,10492.0,10280.0,10859.142857142857,10559.5,-117,0
2023-09-21,168,285,210,11067.0,428,11064.0,10649.0,10140.0,10918.857142857143,10625.714285714286,-218,0
2023-09-24,269,412,204,10744.0,403,11067.0,10678.0,9988.0,10928.285714285714,10679.714285714286,-199,0
2023-09-25,100,255,236,10842.0,284,10744.0,10837.0,10142.0,10929.0,10729.714285714286,-48,0
2023-09-26,205,294,177,10978.0,332,10842.0,10799.0,10356.0,10954.57142857143,10774.142857142857,-155,0
2023-09-27,161,304,211,11017.0,331,10978.0,10892.0,10419.0,10972.42857142857,10816.857142857143,-120,0
2023-09-28,57,162,193,10984.0,447,11017.0,11095.0,10282.0,10956.57142857143,10867.0,-254,0
2023-10-01,80,122,152,10598.0,493,10984.0,11064.0,10492.0,10890.0,10874.57142857143,-341,0
2023-10-02,107,170,133,10724.0,284,10598.0,11067.0,10649.0,10841.0,10879.92857142857,-151,0
2023-10-03,99,156,139,10818.0,287,10724.0,10744.0,10678.0,10851.57142857143,10889.92857142857,-148,0
2023-10-04,25,66,94,10963.0,330,10818.0,10842.0,10837.0,10868.857142857143,10898.92857142857,-236,0
2023-10-05,35,70,53,11130.0,427,10963.0,10978.0,10799.0,10890.57142857143,10922.57142857143,-374,0
2023-10-09,43,73,64,10815.0,282,11130.0,11017.0,10892.0,10861.714285714286,10917.07142857143,-218,0
2023-10-10,41,60,71,10910.0,257,10815.0,10984.0,11095.0,10851.142857142857,10903.857142857143,-186,0
2023-10-11,65,83,65,10960.0,266,10910.0,10598.0,11064.0,10902.857142857143,10896.42857142857,-201,0
2023-10-12,38,80,82,10992.0,398,10960.0,10724.0,11067.0,10941.142857142857,10891.07142857143,-316,0
2023-10-15,56,82,68,10571.0,434,10992.0,10818.0,10744.0,10905.857142857143,10878.714285714286,-366,0
2023-10-16,74,103,80,10629.0,331,10571.0,10963.0,10842.0,10858.142857142857,10863.5,-251,0
2023-10-17,68,107,102,10630.0,315,10629.0,11130.0,10978.0,10786.714285714286,10838.642857142857,-213,0
2023-10-18,92,124,93,10511.0,393,10630.0,10815.0,11017.0,10743.285714285714,10802.5,-300,0
2023-10-19,113,162,107,10319.0,406,10511.0,10910.0,10984.0,10658.857142857143,10755.0,-299,0
2023-10-22,106,196,131,9506.0,454,10319.0,10960.0,10598.0,10451.142857142857,10677.0,-323,0
2023-10-23,86,152,168,9436.0,327,9506.0,10992.0,10724.0,10228.857142857143,10585.0,-159,0
2023-10-24,84,118,136,9396.0,300,9436.0,10571.0,10818.0,10061.0,10483.42857142857,-164,0
2023-10-25,59,64,117,9351.0,293,9396.0,10629.0,10963.0,9878.42857142857,10368.285714285714,-176,0
2023-10-26,62,97,52,9235.0,390,9351.0,10630.0,11130.0,9679.142857142857,10232.92857142857,-338,0
2023-10-29,91,75,97,8925.0,418,9235.0,10511.0,10815.0,9452.57142857143,10097.92857142857,-321,0
2023-10-30,29,51,11,9026.0,278,8925.0,10319.0,10910.0,9267.857142857143,9963.357142857143,-267,0
2023-10-31,33,53,34,9072.0,295,9026.0,9506.0,10960.0,9205.857142857143,9828.5,-261,0
2023-11-01,132,235,197,9250.0,279,9072.0,9436.0,10992.0,9179.285714285714,9704.07142857143,-82,0
2023-11-02,174,208,256,9442.0,330,9250.0,9396.0,10571.0,9185.857142857143,9623.42857142857,-74,0
2023-11-05,123,230,167,9273.0,370,9442.0,9351.0,10629.0,9174.714285714286,9526.57142857143,-203,0
2023-11-06,123,233,159,9286.0,316,9273.0,9235.0,10630.0,9182.0,9430.57142857143,-157,0
2023-11-07,141,232,188,9483.0,231,9286.0,8925.0,10511.0,9261.714285714286,9357.142857142857,-43,0
2023-11-08,158,226,191,9634.0,310,9483.0,9026.0,10319.0,9348.57142857143,9308.214285714286,-119,0
2023-11-12,96,160,233,9477.0,313,9634.0,9072.0,9506.0,9406.42857142857,9306.142857142857,-80,0
2023-11-13,141,173,129,9510.0,287,9477.0,9250.0,9436.0,9443.57142857143,9311.42857142857,-158,0
2023-11-14,116,181,182,9665.0,247,9510.0,9442.0,9396.0,9475.42857142857,9330.642857142857,-65,0
2023-11-15,150,157,201,9762.0,316,9665.0,9273.0,9351.0,9545.285714285714,9360.0,-115,0
2023-11-16,80,176,125,9762.0,374,9762.0,9286.0,9235.0,9613.285714285714,9397.642857142857,-249,0
2023-11-19,116,188,164,9573.0,435,9762.0,9483.0,8925.0,9626.142857142857,9443.92857142857,-271,0
2023-11-20,105,185,158,9638.0,298,9573.0,9634.0,9026.0,9626.714285714286,9487.642857142857,-140,0
2023-11-21,136,246,123,9804.0,250,9638.0,9477.0,9072.0,9673.42857142857,9539.92857142857,-127,0
2023-11-23,128,228,177,9838.0,283,9804.0,9510.0,9250.0,9720.285714285714,9581.92857142857,-106,0
2023-11-26,90,196,205,9845.0,312,9838.0,9665.0,9442.0,9746.0,9610.714285714286,-107,0
2023-11-27,56,82,68,10123.0,214,9845.0,9762.0,9273.0,9797.57142857143,9671.42857142857,-146,0
2023-11-28,74,103,80,10223.0,223,10123.0,9762.0,9286.0,9863.42857142857,9738.357142857143,-143,0
2023-11-29,68,107,102,10398.0,284,10223.0,9573.0,9483.0,9981.285714285714,9803.714285714286,-182,0
2023-11-30,92,124,93,10536.0,320,10398.0,9638.0,9634.0,10109.57142857143,9868.142857142857,-227,0
2023-12-03,132,235,197,10579.0,417,10536.0,9804.0,9477.0,10220.285714285714,9946.857142857143,-220,0
2023-12-04,174,208,256,10635.0,273,10579.0,9838.0,9510.0,10334.142857142857,10027.214285714286,-17,1
2023-12-05,123,230,167,10761.0,261,10635.0,9845.0,9665.0,10465.0,10105.5,-94,0
2023-12-06,123,233,159,10832.0,376,10761.0,10123.0,9762.0,10566.285714285714,10181.92857142857,-217,0
2023-12-07,141,232,188,10897.0,466,10832.0,10223.0,9762.0,10662.57142857143,10263.0,-278,0
2023-12-10,158,226,191,10871.0,411,10897.0,10398.0,9573.0,10730.142857142857,10355.714285714286,-220,0
2023-12-11,96,160,233,10998.0,304,10871.0,10536.0,9638.0,10796.142857142857,10452.857142857143,-71,0
2023-12-12,141,173,129,11077.0,259,10998.0,10579.0,9804.0,10867.285714285714,10543.785714285714,-130,0
2023-12-13,116,181,182,11192.0,335,11077.0,10635.0,9838.0,10946.857142857143,10640.5,-153,0
2023-12-14,150,157,201,11242.0,396,11192.0,10761.0,9845.0,11015.57142857143,10740.285714285714,-195,0
2023-12-17,80,176,125,11092.0,456,11242.0,10832.0,10123.0,11052.714285714286,10809.5,-331,0
2023-12-18,116,188,164,11149.0,364,11092.0,10897.0,10223.0,11088.714285714286,10875.642857142857,-200,0
2023-12-19,105,185,158,11291.0,272,11149.0,10871.0,10398.0,11148.714285714286,10939.42857142857,-114,0
2023-12-20,136,246,123,11516.0,390,11291.0,10998.0,10536.0,11222.714285714286,11009.42857142857,-267,0
2023-12-21,128,228,177,11375.0,497,11516.0,11077.0,10579.0,11265.285714285714,11066.285714285714,-320,0
2023-12-25,90,196,205,11144.0,347,11375.0,11192.0,10635.0,11258.42857142857,11102.642857142857,-142,0
2023-12-26,56,82,68,11217.0,288,11144.0,11242.0,10761.0,11254.857142857143,11135.214285714286,-220,0
2023-12-27,74,103,80,11206.0,335,11217.0,11092.0,10832.0,11271.142857142857,11161.92857142857,-255,0
2023-12-28,68,107,102,11230.0,357,11206.0,11149.0,10897.0,11282.714285714286,11185.714285714286,-255,0
2024-01-01,92,124,93,10870.0,290,11230.0,11291.0,10871.0,11222.57142857143,11185.642857142857,-197,0
2024-01-02,113,162,107,10770.0,316,10870.0,11516.0,10998.0,11116.0,11169.357142857143,-209,0
2024-01-03,106,196,131,10718.0,263,10770.0,11375.0,11077.0,11022.142857142857,11143.714285714286,-132,0
2024-01-04,86,152,168,10558.0,362,10718.0,11144.0,11192.0,10938.42857142857,11098.42857142857,-194,0
2024-01-07,84,118,136,9670.0,367,10558.0,11217.0,11242.0,10717.42857142857,10986.142857142857,-231,0
2024-01-08,59,64,117,9670.0,367,9670.0,11206.0,11092.0,10498.0,10884.57142857143,-250,0
2024-01-09,62,97,52,9311.0,286,9670.0,11230.0,11149.0,10223.857142857143,10753.285714285714,-234,0
2024-01-10,91,75,97,9144.0,349,9311.0,10870.0,11291.0,9977.285714285714,10599.92857142857,-252,0
2024-01-11,29,51,11,8829.0,476,9144.0,10770.0,11516.0,9700.0,10408.0,-465,0
2024-01-15,33,53,34,8033.0,234,8829.0,10718.0,11375.0,9316.42857142857,10169.285714285714,-200,0
2024-01-16,32,49,39,8133.0,188,8033.0,10558.0,11144.0,8970.0,9954.214285714286,-149,0
2024-01-17,80,176,125,8072.0,353,8133.0,9670.0,11217.0,8741.714285714286,9729.57142857143,-228,0
2024-01-18,116,188,164,8042.0,359,8072.0,9670.0,11206.0,8509.142857142857,9503.57142857143,-195,0
2024-01-21,105,185,158,7974.0,371,8042.0,9311.0,11230.0,8318.142857142857,9271.0,-213,0
2024-01-22,136,246,123,8008.0,222,7974.0,9144.0,10870.0,8155.857142857143,9066.57142857143,-99,0
2024-01-23,128,228,177,8133.0,202,8008.0,8829.0,10770.0,8056.428571428572,8878.214285714286,-25,1
2024-01-24,90,196,205,8212.0,243,8133.0,8033.0,10718.0,8082.0,8699.214285714286,-38,1
2024-01-25,102,189,155,8180.0,293,8212.0,8133.0,10558.0,8088.714285714285,8529.357142857143,-138,0
2024-01-28,120,257,126,8004.0,307,8180.0,8072.0,9670.0,8079.0,8410.357142857143,-181,0
2024-01-29,137,272,166,8057.0,195,8004.0,8042.0,9670.0,8081.142857142857,8295.142857142857,-29,1
2024-01-30,93,198,208,8182.0,187,8057.0,7974.0,9311.0,8110.857142857143,8214.5,21,1
2024-01-31,203,477,258,8153.0,266,8182.0,8008.0,9144.0,8131.571428571428,8143.714285714285,-8,1
2024-02-01,222,459,289,8026.0,337,8153.0,8133.0,8829.0,8116.285714285715,8086.357142857143,-48,0
2024-02-04,253,531,248,7813.0,342,8026.0,8212.0,8033.0,8059.285714285715,8070.642857142857,-94,0
2024-02-05,157,466,345,7872.0,242,7813.0,8180.0,8133.0,8015.285714285715,8052.0,103,1
2024-02-06,291,455,323,8045.0,178,7872.0,8004.0,8072.0,8021.142857142857,8050.071428571428,145,1
2024-02-07,227,453,330,8160.0,222,8045.0,8057.0,8042.0,8035.857142857143,8058.5,108,1
2024-02-08,298,499,358,8188.0,315,8160.0,8182.0,7974.0,8036.714285714285,8073.785714285715,43,1
2024-02-11,205,515,226,8056.0,347,8188.0,8153.0,8008.0,8022.857142857143,8077.214285714285,-121,0
2024-02-12,213,430,440,8092.0,234,8056.0,8026.0,8133.0,8032.285714285715,8074.285714285715,206,1
2024-02-13,227,369,349,8348.0,160,8092.0,7813.0,8212.0,8108.714285714285,8084.0,189,1
2024-02-14,185,322,272,8512.0,230,8348.0,7872.0,8180.0,8200.142857142857,8107.714285714285,42,1
2024-02-15,333,508,272,8463.0,312,8512.0,8045.0,8004.0,8259.857142857143,8140.5,-40,1
2024-02-19,249,420,371,8380.0,218,8463.0,8160.0,8057.0,8291.285714285714,8163.571428571428,153,1
2024-02-20,149,395,273,8488.0,192,8380.0,8188.0,8182.0,8334.142857142857,8185.428571428572,81,1
2024-02-21,232,430,318,8573.0,231,8488.0,8056.0,8153.0,8408.0,8215.42857142857,87,1
2024-02-22,165,400,292,8607.0,293,8573.0,8092.0,8026.0,8481.57142857143,8256.92857142857,-1,1
2024-02-25,244,482,366,8404.0,329,8607.0,8348.0,7813.0,8489.57142857143,8299.142857142857,37,1
2024-02-26,199,438,326,8404.0,329,8404.0,8512.0,7872.0,8474.142857142857,8337.142857142857,-3,1
2024-02-27,197,369,306,8650.0,206,8404.0,8463.0,8045.0,8500.857142857143,8380.357142857143,100,1
2024-02-28,209,447,274,8699.0,257,8650.0,8380.0,8160.0,8546.42857142857,8418.857142857143,17,1
2024-02-29,262,444,354,8724.0,299,8699.0,8488.0,8188.0,8580.142857142857,8457.142857142857,55,1
2024-03-03,236,468,347,8594.0,354,8724.0,8573.0,8056.0,8583.142857142857,8495.57142857143,-7,1
2024-03-04,225,509,340,8660.0,229,8594.0,8607.0,8092.0,8590.714285714286,8536.142857142857,111,1
2024-03-05,246,472,345,8800.0,214,8660.0,8404.0,8348.0,8647.285714285714,8568.42857142857,131,1
2024-03-06,230,457,277,8870.0,232,8800.0,8404.0,8512.0,8713.857142857143,8594.0,45,1
2024-03-07,181,424,328,8902.0,305,8870.0,8650.0,8463.0,8749.857142857143,8625.357142857143,23,1
2024-03-10,190,368,326,8714.0,373,8902.0,8699.0,8380.0,8752.0,8649.214285714286,-47,0
2024-03-11,178,336,290,8757.0,253,8714.0,8724.0,8488.0,8756.714285714286,8668.42857142857,37,1
2024-03-12,154,294,290,8843.0,213,8757.0,8594.0,8573.0,8792.285714285714,8687.714285714286,77,1
2024-03-13,165,358,167,8819.0,239,8843.0,8660.0,8607.0,8815.0,8702.857142857143,-72,0
2024-03-14,166,301,252,8695.0,310,8819.0,8800.0,8404.0,8800.0,8723.642857142857,-58,0
2024-03-17,127,260,259,8373.0,342,8695.0,8870.0,8404.0,8729.0,8721.42857142857,-83,0
2024-03-18,123,243,188,8333.0,283,8373.0,8902.0,8650.0,8647.714285714286,8698.785714285714,-95,0
2024-03-19,99,202,256,8390.0,197,8333.0,8714.0,8699.0,8601.42857142857,8676.714285714286,59,1
2024-03-20,91,181,174,8365.0,227,8390.0,8757.0,8724.0,8545.42857142857,8651.07142857143,-53,0
2024-03-21,132,261,141,8292.0,235,8365.0,8843.0,8594.0,8466.714285714286,8629.5,-94,0
2024-03-24,124,264,221,7899.0,373,8292.0,8819.0,8660.0,8335.285714285714,8575.142857142857,-152,0
2024-03-25,128,242,224,7899.0,229,7899.0,8695.0,8800.0,8221.57142857143,8510.785714285714,-5,1
2024-03-26,187,276,200,7919.0,208,7899.0,8373.0,8870.0,8156.714285714285,8442.857142857143,-8,1
2024-03-27,129,287,185,7893.0,215,7919.0,8333.0,8902.0,8093.857142857143,8370.785714285714,-30,1
2024-03-28,161,288,248,7762.0,360,7893.0,8390.0,8714.0,8004.142857142857,8302.785714285714,-112,0
2024-03-31,105,254,151,7257.0,287,7762.0,8365.0,8757.0,7845.857142857143,8195.642857142857,-136,0
2024-04-01,109,235,171,7271.0,172,7257.0,8292.0,8843.0,7700.0,8083.357142857143,-1,1
2024-04-02,101,230,175,7340.0,132,7271.0,7899.0,8819.0,7620.142857142857,7977.714285714285,43,1
2024-04-03,124,230,190,7346.0,163,7340.0,7899.0,8695.0,7541.142857142857,7881.357142857143,27,1
2024-04-04,95,226,152,7317.0,225,7346.0,7919.0,8373.0,7455.142857142857,7805.928571428572,-73,0
2024-04-07,106,239,233,6982.0,279,7317.0,7893.0,8333.0,7325.0,7709.428571428572,-46,0
2024-04-08,102,230,167,6988.0,199,6982.0,7762.0,8390.0,7214.428571428572,7609.285714285715,-32,1
2024-04-09,118,231,217,7043.0,130,6988.0,7257.0,8365.0,7183.857142857143,7514.857142857143,87,1
2024-04-10,117,244,142,6999.0,227,7043.0,7271.0,8292.0,7145.0,7422.5,-85,0
2024-04-11,183,221,220,6912.0,285,6999.0,7340.0,7899.0,7083.857142857143,7352.0,-65,0
2024-04-14,128,245,243,6630.0,290,6912.0,7346.0,7899.0,6981.571428571428,7261.357142857143,-47,0
2024-04-15,144,303,176,6681.0,191,6630.0,7317.0,7919.0,6890.714285714285,7172.928571428572,-15,1
2024-04-16,219,392,205,6685.0,163,6681.0,6982.0,7893.0,6848.285714285715,7086.642857142857,42,1
2024-04-17,182,371,274,6725.0,227,6685.0,6988.0,7762.0,6810.714285714285,7012.571428571428,47,1
2024-04-18,144,322,258,6728.0,260,6725.0,7043.0,7257.0,6765.714285714285,6974.785714285715,-2,1
2024-04-21,208,380,343,6745.0,240,6728.0,6999.0,7271.0,6729.428571428572,6937.214285714285,103,1
2024-04-22,176,424,251,6799.0,214,6745.0,6912.0,7340.0,6713.285714285715,6898.571428571428,37,1
2024-04-23,252,427,307,6967.0,134,6799.0,6630.0,7346.0,6761.428571428572,6871.5,173,1
2024-04-24,253,411,307,7128.0,154,6967.0,6681.0,7317.0,6825.285714285715,6858.0,153,1
2024-04-25,145,357,333,7209.0,217,7128.0,6685.0,6982.0,6900.142857142857,6874.214285714285,116,1
2024-04-28,158,349,365,7298.0,250,7209.0,6725.0,6988.0,6982.0,6896.357142857143,115,1
2024-04-29,140,292,255,7373.0,187,7298.0,6728.0,7043.0,7074.142857142857,6919.928571428572,68,1
2024-04-30,220,443,194,7431.0,135,7373.0,6745.0,6999.0,7172.142857142857,6950.785714285715,59,1
2024-05-01,197,437,295,7508.0,190,7431.0,6799.0,6912.0,7273.428571428572,6993.357142857143,105,1
2024-05-02,206,411,293,7577.0,194,7508.0,6967.0,6630.0,7360.571428571428,7061.0,99,1
2024-05-05,150,315,228,7447.0,332,7577.0,7128.0,6681.0,7406.142857142857,7115.714285714285,-104,0
2024-05-06,173,337,211,7449.0,205,7447.0,7209.0,6685.0,7440.428571428572,7170.285714285715,6,1
2024-05-07,176,334,246,7566.0,163,7449.0,7298.0,6725.0,7478.714285714285,7230.357142857143,83,1
2024-05-08,167,374,205,7583.0,202,7566.0,7373.0,6728.0,7508.714285714285,7291.428571428572,3,1
2024-05-09,138,285,268,7570.0,244,7583.0,7431.0,6745.0,7528.571428571428,7350.357142857143,24,1
2024-05-12,138,301,263,7464.0,245,7570.0,7508.0,6799.0,7522.285714285715,7397.857142857143,18,1
2024-05-13,112,331,167,7499.0,157,7464.0,7577.0,6967.0,7511.142857142857,7435.857142857143,10,1
2024-05-14,246,419,218,7546.0,186,7499.0,7447.0,7128.0,7525.285714285715,7465.714285714285,32,1
2024-05-15,115,285,341,7589.0,265,7546.0,7449.0,7209.0,7545.285714285715,7492.857142857143,76,1
2024-05-16,206,340,214,7565.0,234,7589.0,7566.0,7298.0,7545.142857142857,7511.928571428572,-20,1
2024-05-19,143,295,278,7356.0,298,7565.0,7583.0,7373.0,7512.714285714285,7510.714285714285,-20,1
2024-05-20,111,268,217,7368.0,192,7356.0,7570.0,7431.0,7483.857142857143,7506.214285714285,25,1
2024-05-21,196,348,176,7404.0,145,7368.0,7464.0,7508.0,7475.285714285715,7498.785714285715,31,1
2024-05-22,168,349,272,7474.0,208,7404.0,7499.0,7577.0,7471.714285714285,7491.428571428572,64,1
2024-05-23,193,272,314,7494.0,227,7474.0,7546.0,7447.0,7464.285714285715,7494.785714285715,87,1
2024-05-27,156,344,252,7365.0,167,7494.0,7589.0,7449.0,7432.285714285715,7488.785714285715,85,1
2024-05-28,153,348,239,7418.0,151,7365.0,7565.0,7566.0,7411.285714285715,7478.214285714285,88,1
2024-05-29,182,462,158,7491.0,141,7418.0,7356.0,7583.0,7430.571428571428,7471.642857142857,17,1
2024-05-30,167,406,339,7563.0,190,7491.0,7368.0,7570.0,7458.428571428572,7471.142857142857,149,1
2024-06-02,159,330,322,7546.0,306,7563.0,7404.0,7464.0,7478.714285714285,7477.0,16,1
2024-06-03,109,244,257,7596.0,224,7546.0,7474.0,7499.0,7496.142857142857,7483.928571428572,33,1
2024-06-04,260,356,176,7565.0,203,7596.0,7494.0,7546.0,7506.285714285715,7485.285714285715,-27,1
2024-06-05,173,345,291,7691.0,198,7565.0,7365.0,7589.0,7552.857142857143,7492.571428571428,93,1
2024-06-06,179,326,282,7741.0,238,7691.0,7418.0,7565.0,7599.0,7505.142857142857,44,1
2024-06-09,116,289,166,7451.0,312,7741.0,7491.0,7356.0,7593.285714285715,7511.928571428572,-146,0
2024-06-10,184,334,229,7439.0,212,7451.0,7563.0,7368.0,7575.571428571428,7517.0,17,1
2024-06-11,186,352,224,7493.0,156,7439.0,7546.0,7404.0,7568.0,7523.357142857143,68,1
2024-06-12,152,266,274,7548.0,212,7493.0,7596.0,7474.0,7561.142857142857,7528.642857142857,62,1
2024-06-13,167,293,230,7544.0,259,7548.0,7565.0,7494.0,7558.142857142857,7532.214285714285,-29,1
2024-06-16,204,315,233,7307.0,294,7544.0,7691.0,7365.0,7503.285714285715,7528.071428571428,-61,0
2024-06-17,159,310,272,7318.0,224,7307.0,7741.0,7418.0,7442.857142857143,7520.928571428572,48,1
2024-06-18,160,297,253,7340.0,214,7318.0,7451.0,7491.0,7427.0,7510.142857142857,39,1
2024-06-19,204,321,246,7433.0,198,7340.0,7439.0,7563.0,7426.142857142857,7500.857142857143,48,1
2024-06-20,145,247,243,7431.0,235,7433.0,7493.0,7546.0,7417.285714285715,7492.642857142857,8,1
2024-06-23,102,227,201,7247.0,294,7431.0,7548.0,7596.0,7374.285714285715,7467.714285714285,-93,0
2024-06-24,116,175,172,7239.0,202,7247.0,7544.0,7565.0,7330.714285714285,7444.428571428572,-30,1
2024-06-25,172,263,191,7239.0,202,7239.0,7307.0,7691.0,7321.0,7412.142857142857,-11,1
2024-06-26,132,235,197,7268.0,187,7239.0,7318.0,7741.0,7313.857142857143,7378.357142857143,10,1
2024-06-27,174,208,256,7248.0,268,7268.0,7340.0,7451.0,7300.714285714285,7363.857142857143,-12,1
2024-06-30,123,230,167,6874.0,273,7248.0,7433.0,7439.0,7220.857142857143,7323.5,-106,0
2024-07-01,123,233,159,6825.0,229,6874.0,7431.0,7493.0,7134.285714285715,7275.785714285715,-70,0
2024-07-02,141,232,188,6823.0,184,6825.0,7247.0,7548.0,7073.714285714285,7224.0,4,1
2024-07-04,158,226,191,6790.0,225,6823.0,7239.0,7544.0,7009.571428571428,7170.142857142857,-34,1
2024-07-07,96,160,233,6599.0,213,6790.0,7239.0,7307.0,6918.142857142857,7119.571428571428,20,1
2024-07-08,141,173,129,6617.0,123,6599.0,7268.0,7318.0,6825.142857142857,7069.5,6,1
2024-07-09,116,181,182,6651.0,130,6617.0,7248.0,7340.0,6739.857142857143,7020.285714285715,52,1
2024-07-10,150,157,201,6649.0,177,6651.0,6874.0,7433.0,6707.714285714285,6964.285714285715,24,1
2024-07-11,80,176,125,6640.0,197,6649.0,6825.0,7431.0,6681.285714285715,6907.785714285715,-72,0
2024-07-14,116,188,164,6308.0,237,6640.0,6823.0,7247.0,6607.714285714285,6840.714285714285,-73,0
2024-07-15,105,185,158,6283.0,171,6308.0,6790.0,7239.0,6535.285714285715,6772.428571428572,-13,1
2024-07-16,136,246,123,6239.0,173,6283.0,6599.0,7239.0,6483.857142857143,6701.0,-50,0
2024-07-17,128,228,177,6228.0,187,6239.0,6617.0,7268.0,6428.285714285715,6626.714285714285,-10,1
2024-07-21,90,196,205,6058.0,262,6228.0,6651.0,7248.0,6343.571428571428,6541.714285714285,-57,0
2024-07-22,102,189,155,6002.0,234,6058.0,6649.0,6874.0,6251.142857142857,6479.428571428572,-79,0
2024-07-23,120,257,126,5965.0,170,6002.0,6640.0,6825.0,6154.714285714285,6418.0,-44,0
2024-07-24,137,272,166,5927.0,177,5965.0,6308.0,6823.0,6100.285714285715,6354.0,-11,1
2024-07-25,93,198,208,5954.0,194,5927.0,6283.0,6790.0,6053.285714285715,6294.285714285715,14,1
2024-07-28,152,290,199,5743.0,207,5954.0,6239.0,6599.0,5982.428571428572,6233.142857142857,-8,1
2024-07-29,114,210,219,5819.0,163,5743.0,6228.0,6617.0,5924.0,6176.142857142857,56,1
2024-07-30,125,203,208,5930.0,92,5819.0,6058.0,6651.0,5905.714285714285,6124.642857142857,116,1
2024-07-31,140,261,163,5963.0,154,5930.0,6002.0,6649.0,5900.142857142857,6075.642857142857,9,1
2024-08-01,227,298,212,6016.0,169,5963.0,5965.0,6640.0,5907.428571428572,6031.071428571428,43,1
2024-08-04,63,167,143,5943.0,170,6016.0,5927.0,6308.0,5909.714285714285,6005.0,-27,1
2024-08-05,172,259,138,5950.0,150,5943.0,5954.0,6283.0,5909.142857142857,5981.214285714285,-12,1
2024-08-06,163,283,200,5998.0,143,5950.0,5743.0,6239.0,5945.571428571428,5964.0,57,1
2024-08-07,135,273,207,6038.0,174,5998.0,5819.0,6228.0,5976.857142857143,5950.428571428572,33,1
2024-08-08,119,230,213,6084.0,174,6038.0,5930.0,6058.0,5998.857142857143,5952.285714285715,39,1
2024-08-11,95,211,140,5894.0,249,6084.0,5963.0,6002.0,5989.0,5944.571428571428,-109,0
2024-08-12,109,219,155,5903.0,148,5894.0,6016.0,5965.0,5972.857142857143,5940.142857142857,7,1
2024-08-13,162,239,189,5981.0,123,5903.0,5943.0,5927.0,5978.285714285715,5944.0,66,1
2024-08-14,109,226,191,5987.0,178,5981.0,5950.0,5954.0,5983.571428571428,5946.357142857143,13,1
2024-08-15,124,241,156,5895.0,220,5987.0,5998.0,5743.0,5968.857142857143,5957.214285714285,-64,0
2024-08-18,86,244,235,5821.0,178,5895.0,6038.0,5819.0,5937.857142857143,5957.357142857143,57,1
2024-08-19,176,254,162,5865.0,158,5821.0,6084.0,5930.0,5906.571428571428,5952.714285714285,4,1
2024-08-20,136,274,245,5995.0,112,5865.0,5894.0,5963.0,5921.0,5955.0,133,1
2024-08-21,134,245,167,6028.0,156,5995.0,5903.0,6016.0,5938.857142857143,5955.857142857143,11,1
2024-08-22,182,307,205,6054.0,171,6028.0,5981.0,5943.0,5949.285714285715,5963.785714285715,34,1
2024-08-27,149,285,222,6152.0,97,6054.0,5987.0,5950.0,5972.857142857143,5978.214285714285,125,1
2024-08-28,170,285,178,6227.0,134,6152.0,5895.0,5998.0,6020.285714285715,5994.571428571428,44,1
2024-08-29,145,295,188,6250.0,169,6227.0,5821.0,6038.0,6081.571428571428,6009.714285714285,19,1
2024-09-02,133,270,198,6192.0,129,6250.0,5865.0,6084.0,6128.285714285715,6017.428571428572,69,1
2024-09-03,131,263,177,6272.0,112,6192.0,5995.0,5894.0,6167.857142857143,6044.428571428572,65,1
2024-09-04,121,231,219,6375.0,114,6272.0,6028.0,5903.0,6217.428571428572,6078.142857142857,105,1
2024-09-05,126,230,175,6448.0,121,6375.0,6054.0,5981.0,6273.714285714285,6111.5,54,1
2024-09-08,123,255,164,6312.0,221,6448.0,6152.0,5987.0,6296.571428571428,6134.714285714285,-57,0
2024-09-09,144,275,190,6353.0,141,6312.0,6227.0,5895.0,6314.571428571428,6167.428571428572,49,1
2024-09-10,131,251,180,6396.0,148,6353.0,6250.0,5821.0,6335.428571428572,6208.5,32,1
2024-09-11,93,248,175,6410.0,162,6396.0,6192.0,5865.0,6366.571428571428,6247.428571428572,13,1
2024-09-12,184,280,210,6360.0,220,6410.0,6272.0,5995.0,6379.142857142857,6273.5,-10,1
2024-09-13,81,200,212,6326.0,279,6360.0,6375.0,6028.0,6372.142857142857,6294.785714285715,-67,0
2024-09-15,98,220,167,6234.0,210,6326.0,6448.0,6054.0,6341.571428571428,6307.642857142857,-43,0
2024-09-16,113,209,160,6229.0,164,6234.0,6312.0,6152.0,6329.714285714285,6313.142857142857,-4,1
2024-09-17,159,304,139,6227.0,160,6229.0,6353.0,6227.0,6311.714285714285,6313.142857142857,-21,1
2024-09-18,116,213,217,6245.0,149,6227.0,6396.0,6250.0,6290.142857142857,6312.785714285715,68,1
2024-09-19,93,196,169,6270.0,188,6245.0,6410.0,6192.0,6270.142857142857,6318.357142857143,-19,1
2024-09-22,124,234,161,5989.0,197,6270.0,6360.0,6272.0,6217.142857142857,6298.142857142857,-36,1
2024-09-23,92,203,173,6002.0,165,5989.0,6326.0,6375.0,6170.857142857143,6271.5,8,1
2024-09-24,186,259,172,6023.0,143,6002.0,6234.0,6448.0,6140.714285714285,6241.142857142857,29,1
2024-09-25,154,225,220,6050.0,169,6023.0,6229.0,6312.0,6115.142857142857,6222.428571428572,51,1
2024-09-26,91,199,172,6090.0,185,6050.0,6227.0,6353.0,6095.571428571428,6203.642857142857,-13,1
2024-09-29,81,213,153,5925.0,177,6090.0,6245.0,6396.0,6049.857142857143,6170.0,-24,1
2024-09-30,209,285,184,5967.0,138,5925.0,6270.0,6410.0,6006.571428571428,6138.357142857143,46,1
2024-10-01,184,314,217,6040.0,137,5967.0,5989.0,6360.0,6013.857142857143,6115.5,80,1
2024-10-02,107,215,230,6091.0,173,6040.0,6002.0,6326.0,6026.571428571428,6098.714285714285,57,1
2024-10-03,101,162,178,6118.0,193,6091.0,6023.0,6234.0,6040.142857142857,6090.428571428572,-15,1
2024-10-07,99,190,176,5968.0,153,6118.0,6050.0,6229.0,6028.428571428572,6071.785714285715,23,1
2024-10-08,167,239,166,6013.0,123,5968.0,6090.0,6227.0,6017.428571428572,6056.5,43,1
2024-10-09,115,216,169,6047.0,137,6013.0,5925.0,6245.0,6034.857142857143,6042.357142857143,32,1
2024-10-10,84,158,193,6075.0,159,6047.0,5967.0,6270.0,6050.285714285715,6028.428571428572,34,1
2024-10-13,130,227,192,5889.0,210,6075.0,6040.0,5989.0,6028.714285714285,6021.285714285715,-18,1
2024-10-14,88,214,160,5935.0,106,5889.0,6091.0,6002.0,6006.428571428572,6016.5,54,1
2024-10-15,113,208,159,6013.0,107,5935.0,6118.0,6023.0,5991.428571428572,6015.785714285715,52,1
2024-10-16,174,285,150,6036.0,129,6013.0,5968.0,6050.0,6001.142857142857,6014.785714285715,21,1
2024-10-17,104,230,206,6076.0,160,6036.0,6013.0,6090.0,6010.142857142857,6013.785714285715,46,1
2024-10-20,147,276,214,5918.0,195,6076.0,6047.0,5925.0,5991.714285714285,6013.285714285715,19,1
2024-10-21,108,220,213,5966.0,154,5918.0,6075.0,5967.0,5976.142857142857,6013.214285714285,59,1
2024-10-22,180,280,146,6043.0,109,5966.0,5889.0,6040.0,5998.142857142857,6013.428571428572,37,1
2024-10-23,134,294,186,6077.0,138,6043.0,5935.0,6091.0,6018.428571428572,6012.428571428572,48,1
2024-10-27,202,313,158,5974.0,192,6077.0,6013.0,6118.0,6012.857142857143,6002.142857142857,-34,1
2024-10-28,110,272,193,6008.0,156,5974.0,6036.0,5968.0,6008.857142857143,6005.0,37,1
2024-10-29,166,277,229,6106.0,126,6008.0,6076.0,6013.0,6013.142857142857,6011.642857142857,103,1
2024-10-30,136,276,178,6149.0,160,6106.0,5918.0,6047.0,6046.142857142857,6018.928571428572,18,1
2024-10-31,87,246,173,6148.0,177,6149.0,5966.0,6075.0,6072.142857142857,6024.142857142857,-4,1
2024-11-03,84,171,157,5990.0,184,6148.0,6043.0,5889.0,6064.571428571428,6031.357142857143,-27,1
2024-11-04,167,209,157,6007.0,132,5990.0,6077.0,5935.0,6054.571428571428,6036.5,25,1
2024-11-05,109,245,159,6045.0,126,6007.0,5974.0,6013.0,6064.714285714285,6038.785714285715,33,1
2024-11-06,156,256,176,6086.0,137,6045.0,6008.0,6036.0,6075.857142857143,6042.357142857143,39,1
2024-11-07,125,232,192,6084.0,177,6086.0,6106.0,6076.0,6072.714285714285,6042.928571428572,15,1
2024-11-11,118,139,168,5963.0,145,6084.0,6149.0,5918.0,6046.142857142857,6046.142857142857,23,1
2024-11-12,142,235,139,5975.0,138,5963.0,6148.0,5966.0,6021.428571428572,6046.785714285715,1,1
2024-11-13,148,245,175,5966.0,151,5975.0,5990.0,6043.0,6018.0,6041.285714285715,24,1
2024-11-14,119,219,210,6025.0,172,5966.0,6007.0,6077.0,6020.571428571428,6037.571428571428,38,1
2024-11-17,105,210,149,5816.0,195,6025.0,6045.0,5974.0,5987.857142857143,6026.285714285715,-46,0
2024-11-18,143,203,163,5819.0,138,5816.0,6086.0,6008.0,5949.714285714285,6012.785714285715,25,1
2024-11-19,119,209,152,5844.0,146,5819.0,6084.0,6106.0,5915.428571428572,5994.071428571428,6,1
2024-11-20,155,212,181,5879.0,148,5844.0,5963.0,6149.0,5903.428571428572,5974.785714285715,33,1
2024-11-21,109,214,173,5850.0,210,5879.0,5975.0,6148.0,5885.571428571428,5953.5,-37,1
2024-11-24,191,283,192,5664.0,207,5850.0,5966.0,5990.0,5842.428571428572,5930.214285714285,-15,1
2024-11-25,170,297,196,5715.0,129,5664.0,6025.0,6007.0,5798.142857142857,5909.357142857143,67,1
2024-11-26,152,272,214,5826.0,112,5715.0,5816.0,6045.0,5799.571428571428,5893.714285714285,102,1
2024-11-27,239,367,224,5862.0,211,5826.0,5819.0,6086.0,5805.714285714285,5877.714285714285,13,1
2024-11-28,113,280,237,5963.0,143,5862.0,5844.0,6084.0,5822.714285714285,5869.071428571428,94,1
2024-12-01,196,306,187,5986.0,149,5963.0,5879.0,5963.0,5838.0,5870.714285714285,38,1
2024-12-02,236,330,222,6061.0,115,5986.0,5850.0,5975.0,5868.142857142857,5876.857142857143,107,1
2024-12-03,81,230,242,6192.0,107,6061.0,5664.0,5966.0,5943.571428571428,5893.0,135,1
2024-12-04,118,245,160,6269.0,115,6192.0,5715.0,6025.0,6022.714285714285,5910.428571428572,45,1
2024-12-05,218,283,208,6310.0,150,6269.0,5826.0,5816.0,6091.857142857143,5945.714285714285,58,1
2024-12-08,132,243,183,6286.0,172,6310.0,5862.0,5819.0,6152.428571428572,5979.071428571428,11,1
2024-12-09,224,315,152,6268.0,174,6286.0,5963.0,5844.0,6196.0,6009.357142857143,-22,1
2024-12-10,167,326,213,6310.0,149,6268.0,5986.0,5879.0,6242.285714285715,6040.142857142857,64,1
2024-12-11,209,353,232,6402.0,152,6310.0,6061.0,5850.0,6291.0,6079.571428571428,80,1
2024-12-12,153,253,286,6481.0,194,6402.0,6192.0,5664.0,6332.285714285715,6137.928571428572,92,1
2024-12-15,180,337,219,6408.0,224,6481.0,6269.0,5715.0,6352.142857142857,6187.428571428572,-5,1
2024-12-16,133,287,189,6454.0,149,6408.0,6310.0,5826.0,6372.714285714285,6232.285714285715,40,1
2024-12-17,187,310,247,6506.0,151,6454.0,6286.0,5862.0,6404.142857142857,6278.285714285715,96,1
2024-12-18,168,285,210,6598.0,134,6506.0,6268.0,5963.0,6451.285714285715,6323.642857142857,76,1
2024-12-19,269,412,204,6600.0,238,6598.0,6310.0,5986.0,6492.714285714285,6367.5,-34,1
2024-12-22,100,255,236,6595.0,268,6600.0,6402.0,6061.0,6520.285714285715,6405.642857142857,-32,1
2024-12-23,205,294,177,6548.0,231,6595.0,6481.0,6192.0,6529.857142857143,6431.071428571428,-54,0
2024-12-24,161,304,211,6622.0,155,6548.0,6408.0,6269.0,6560.428571428572,6456.285714285715,56,1
2024-12-25,57,162,193,6689.0,107,6622.0,6454.0,6310.0,6594.0,6483.357142857143,86,1
2024-12-26,80,122,152,6707.0,135,6689.0,6506.0,6286.0,6622.714285714285,6513.428571428572,17,1
2024-12-29,107,170,133,6465.0,216,6707.0,6598.0,6268.0,6603.714285714285,6527.5,-83,0
2024-12-30,99,156,139,6454.0,177,6465.0,6600.0,6310.0,6582.857142857143,6537.785714285715,-38,1
2025-01-01,25,66,94,6405.0,144,6454.0,6595.0,6402.0,6555.714285714285,6538.0,-50,0
2025-01-02,35,70,53,6292.0,170,6405.0,6548.0,6481.0,6519.142857142857,6524.5,-117,0
2025-01-05,43,73,64,5882.0,185,6292.0,6622.0,6408.0,6413.428571428572,6486.928571428572,-121,0
2025-01-06,41,60,71,5769.0,190,5882.0,6689.0,6454.0,6282.0,6438.0,-119,0
2025-01-07,65,83,65,5703.0,133,5769.0,6707.0,6506.0,6138.571428571428,6380.642857142857,-68,0
2025-01-08,38,80,82,5605.0,184,5703.0,6465.0,6598.0,6015.714285714285,6309.714285714285,-102,0
2025-01-09,56,82,68,5507.0,164,5605.0,6454.0,6600.0,5880.428571428572,6231.642857142857,-96,0
2025-01-12,74,103,80,5092.0,235,5507.0,6405.0,6595.0,5692.857142857143,6124.285714285715,-155,0
2025-01-13,68,107,102,5019.0,181,5092.0,6292.0,6548.0,5511.0,6015.071428571428,-79,0
2025-01-14,92,124,93,4957.0,139,5019.0,5882.0,6622.0,5378.857142857143,5896.142857142857,-46,0
2025-01-15,113,162,107,4903.0,164,4957.0,5769.0,6689.0,5255.142857142857,5768.571428571428,-57,0
2025-01-16,106,196,131,4881.0,159,4903.0,5703.0,6707.0,5137.714285714285,5638.142857142857,-28,1
2025-01-19,86,152,168,4628.0,176,4881.0,5605.0,6465.0,4998.142857142857,5506.928571428572,-8,1
2025-01-20,84,118,136,4638.0,127,4628.0,5507.0,6454.0,4874.0,5377.214285714285,9,1
2025-01-21,59,64,117,4728.0,54,4638.0,5092.0,6405.0,4822.0,5257.428571428572,63,1
2025-01-22,62,97,52,4717.0,83,4728.0,5019.0,6292.0,4778.857142857143,5144.928571428572,-31,1
2025-01-23,91,75,97,4621.0,174,4717.0,4957.0,5882.0,4730.857142857143,5054.857142857143,-77,0
2025-01-26,29,51,11,4241.0,182,4621.0,4903.0,5769.0,4636.285714285715,4945.714285714285,-171,0
2025-01-27,33,53,34,4161.0,127,4241.0,4881.0,5703.0,4533.428571428572,4835.571428571428,-93,0
2025-01-28,32,49,39,4096.0,101,4161.0,4628.0,5605.0,4457.428571428572,4727.785714285715,-62,0
2025-01-29,32,50,39,4036.0,99,4096.0,4638.0,5507.0,4371.428571428572,4622.714285714285,-60,0
2025-01-30,47,42,47,3923.0,159,4036.0,4728.0,5092.0,4256.428571428572,4539.214285714285,-112,0
2025-02-02,20,22,41,3483.0,168,3923.0,4717.0,5019.0,4080.1428571428573,4429.5,-127,0
2025-02-03,23,45,11,3403.0,102,3483.0,4621.0,4957.0,3906.1428571428573,4318.5,-91,0
2025-02-04,34,54,29,3359.0,74,3403.0,4241.0,4903.0,3780.1428571428573,4208.214285714285,-45,0
2025-02-05,26,36,36,3290.0,104,3359.0,4161.0,4881.0,3655.714285714286,4094.5714285714284,-68,0
2025-02-06,25,32,27,3181.0,145,3290.0,4096.0,4628.0,3525.0,3991.214285714286,-118,0
2025-02-09,15,13,23,2878.0,99,3181.0,4036.0,4638.0,3359.5714285714284,3865.5,-76,0
2025-02-10,16,18,15,2834.0,63,2878.0,3923.0,4728.0,3204.0,3730.214285714286,-48,0
2025-02-11,11,22,12,2799.0,50,2834.0,3483.0,4717.0,3106.285714285714,3593.214285714286,-38,1
2025-02-12,16,20,20,2752.0,66,2799.0,3403.0,4621.0,3013.285714285714,3459.714285714286,-46,0
2025-02-13,15,10,23,2703.0,72,2752.0,3359.0,4241.0,2919.5714285714284,3349.8571428571427,-49,0
2025-02-17,8,17,14,2532.0,15,2703.0,3290.0,4161.0,2811.285714285714,3233.5,-1,1
2025-02-18,18,19,11,2536.0,9,2532.0,3181.0,4096.0,2719.1428571428573,3122.0714285714284,2,1
2025-02-19,12,17,17,2528.0,19,2536.0,2878.0,4036.0,2669.1428571428573,3014.3571428571427,-2,1
2025-02-20,13,25,15,2520.0,32,2528.0,2834.0,3923.0,2624.285714285714,2914.1428571428573,-17,1
2025-02-23,7,16,8,2423.0,35,2520.0,2799.0,3483.0,2570.5714285714284,2838.4285714285716,-27,1
2025-02-24,20,22,14,2413.0,24,2423.0,2752.0,3403.0,2522.1428571428573,2767.714285714286,-10,1
2025-02-25,11,7,7,2413.0,23,2413.0,2703.0,3359.0,2480.714285714286,2700.1428571428573,-16,1
2025-02-26,12,21,1,2411.0,23,2413.0,2532.0,3290.0,2463.4285714285716,2637.3571428571427,-22,1
2025-02-27,10,15,17,2391.0,37,2411.0,2536.0,3181.0,2442.714285714286,2580.9285714285716,-20,1
2025-03-02,12,24,4,2297.0,31,2391.0,2528.0,2878.0,2409.714285714286,2539.4285714285716,-27,1
2025-03-03,8,29,18,2287.0,25,2297.0,2520.0,2834.0,2376.4285714285716,2500.3571428571427,-7,1
2025-03-04,4,25,10,2272.0,30,2287.0,2423.0,2799.0,2354.8571428571427,2462.714285714286,-20,1
2025-03-05,5,20,4,2238.0,40,2272.0,2413.0,2752.0,2329.8571428571427,2426.0,-36,1
2025-03-06,7,27,6,2218.0,33,2238.0,2413.0,2703.0,2302.0,2391.3571428571427,-27,1
2025-03-09,12,25,15,2137.0,30,2218.0,2411.0,2532.0,2262.8571428571427,2363.1428571428573,-15,1
2025-03-10,6,28,8,2125.0,23,2137.0,2391.0,2536.0,2224.8571428571427,2333.785714285714,-15,1
2025-03-11,3,11,7,2116.0,20,2125.0,2297.0,2528.0,2199.0,2304.3571428571427,-13,1
2025-03-12,6,18,2,2113.0,8,2116.0,2287.0,2520.0,2174.1428571428573,2275.285714285714,-6,1
2025-03-13,4,20,9,2116.0,6,2113.0,2272.0,2423.0,2151.8571428571427,2253.3571428571427,3,1
2025-03-16,1,9,8,2117.0,5,2116.0,2238.0,2413.0,2134.5714285714284,2232.214285714286,3,1
2025-03-17,5,14,0,2111.0,8,2117.0,2218.0,2413.0,2119.285714285714,2210.6428571428573,-8,1
2025-03-18,19,34,6,2109.0,8,2111.0,2137.0,2411.0,2115.285714285714,2189.0714285714284,-2,1
2025-03-19,6,22,14,2119.0,9,2109.0,2125.0,2391.0,2114.4285714285716,2169.6428571428573,5,1
2025-03-20,9,20,11,2124.0,7,2119.0,2116.0,2297.0,2115.5714285714284,2157.285714285714,4,1
2025-03-23,15,29,9,2136.0,2,2124.0,2113.0,2287.0,2118.8571428571427,2146.5,7,1
2025-03-24,7,13,11,2139.0,7,2136.0,2116.0,2272.0,2122.1428571428573,2137.0,4,1
2025-03-25,12,19,7,2145.0,6,2139.0,2117.0,2238.0,2126.1428571428573,2130.3571428571427,1,1
2025-03-26,9,21,15,2159.0,2,2145.0,2111.0,2218.0,2133.0,2126.1428571428573,13,1
2025-03-27,1,19,13,2159.0,2,2159.0,2109.0,2137.0,2140.1428571428573,2127.714285714286,11,1
2025-03-30,9,20,5,2188.0,2,2159.0,2119.0,2125.0,2150.0,2132.214285714286,3,1
2025-03-31,9,25,8,2193.0,5,2188.0,2124.0,2116.0,2159.8571428571427,2137.714285714286,3,1
2025-04-01,17,36,7,2191.0,12,2193.0,2136.0,2113.0,2167.714285714286,2143.285714285714,-5,1
2025-04-02,5,31,16,2208.0,3,2191.0,2139.0,2116.0,2177.5714285714284,2149.8571428571427,13,1
2025-04-03,12,26,18,2223.0,8,2208.0,2145.0,2117.0,2188.714285714286,2157.4285714285716,10,1
2025-04-06,7,14,7,2234.0,11,2223.0,2159.0,2111.0,2199.4285714285716,2166.214285714286,-4,1
2025-04-07,12,22,9,2237.0,5,2234.0,2159.0,2109.0,2210.5714285714284,2175.3571428571427,4,1
2025-04-08,12,34,12,2243.0,9,2237.0,2188.0,2119.0,2218.4285714285716,2184.214285714286,3,1
2025-04-09,6,19,10,2251.0,5,2243.0,2193.0,2124.0,2226.714285714286,2193.285714285714,5,1
2025-04-10,18,25,17,2265.0,6,2251.0,2191.0,2136.0,2237.285714285714,2202.5,11,1
2025-04-11,8,22,8,2267.0,9,2265.0,2208.0,2139.0,2245.714285714286,2211.6428571428573,-1,1
2025-04-13,5,26,10,2283.0,3,2267.0,2223.0,2145.0,2254.285714285714,2221.5,7,1
2025-04-14,5,26,9,2282.0,13,2283.0,2234.0,2159.0,2261.1428571428573,2230.285714285714,-4,1
2025-04-15,4,19,12,2286.0,7,2282.0,2237.0,2159.0,2268.1428571428573,2239.3571428571427,5,1
2025-04-16,11,30,5,2291.0,8,2286.0,2243.0,2188.0,2275.0,2246.714285714286,-3,1
2025-04-17,7,26,10,2288.0,14,2291.0,2251.0,2193.0,2280.285714285714,2253.5,-4,1
2025-04-20,4,15,6,2305.0,4,2288.0,2265.0,2191.0,2286.0,2261.6428571428573,2,1
2025-04-21,10,25,5,2308.0,6,2305.0,2267.0,2208.0,2291.8571428571427,2268.785714285714,-1,1
2025-04-22,7,19,14,2305.0,17,2308.0,2283.0,2223.0,2295.0,2274.6428571428573,-3,1
2025-04-23,3,23,4,2300.0,11,2305.0,2282.0,2234.0,2297.5714285714284,2279.3571428571427,-7,1
2025-04-24,3,9,7,2294.0,13,2300.0,2286.0,2237.0,2298.714285714286,2283.4285714285716,-6,1
2025-04-27,9,40,12,2301.0,4,2294.0,2291.0,2243.0,2300.1428571428573,2287.5714285714284,8,1
2025-04-28,6,26,12,2307.0,8,2301.0,2288.0,2251.0,2302.8571428571427,2291.5714285714284,4,1
2025-04-29,11,25,11,2304.0,15,2307.0,2305.0,2265.0,2302.714285714286,2294.3571428571427,-4,1
2025-04-30,7,34,9,2309.0,12,2304.0,2308.0,2267.0,2302.8571428571427,2297.3571428571427,-3,1
2025-05-01,13,32,14,2306.0,16,2309.0,2305.0,2283.0,2303.0,2299.0,-2,1
2025-05-04,9,31,10,2335.0,5,2306.0,2300.0,2282.0,2308.0,2302.785714285714,5,1
2025-05-05,15,44,20,2331.0,17,2335.0,2294.0,2286.0,2313.285714285714,2306.0,3,1
2025-05-06,10,33,16,2339.0,16,2331.0,2301.0,2291.0,2318.714285714286,2309.4285714285716,0,1
2025-05-07,10,30,15,2335.0,10,2339.0,2307.0,2288.0,2322.714285714286,2312.785714285714,5,1
2025-05-08,15,24,16,2361.0,11,2335.0,2304.0,2305.0,2330.8571428571427,2316.785714285714,5,1
2025-05-11,15,20,12,2385.0,3,2361.0,2309.0,2308.0,2341.714285714286,2322.285714285714,9,1
2025-05-12,7,33,14,2392.0,7,2385.0,2306.0,2305.0,2354.0,2328.5,7,1
2025-05-13,18,29,12,2394.0,11,2392.0,2335.0,2300.0,2362.4285714285716,2335.214285714286,1,1
2025-05-14,7,30,14,2394.0,11,2394.0,2331.0,2294.0,2371.4285714285716,2342.3571428571427,3,1
2025-05-15,15,31,14,2410.0,14,2394.0,2339.0,2301.0,2381.5714285714284,2350.1428571428573,0,1
2025-05-18,13,28,14,2437.0,9,2410.0,2335.0,2307.0,2396.1428571428573,2359.4285714285716,5,1
2025-05-19,7,27,17,2457.0,6,2437.0,2361.0,2304.0,2409.8571428571427,2370.3571428571427,11,1
2025-05-21,14,62,13,2467.0,18,2457.0,2385.0,2309.0,2421.5714285714284,2381.6428571428573,-5,1
2025-05-22,18,36,17,2473.0,15,2467.0,2392.0,2306.0,2433.1428571428573,2393.5714285714284,2,1
2025-05-27,6,24,7,2504.0,11,2473.0,2394.0,2335.0,2448.8571428571427,2405.6428571428573,-4,1
2025-05-28,12,39,12,2499.0,14,2504.0,2394.0,2331.0,2463.8571428571427,2417.6428571428573,-2,1
2025-05-29,13,38,15,2506.0,11,2499.0,2410.0,2339.0,2477.5714285714284,2429.5714285714284,4,1
2025-06-01,8,24,16,2528.0,12,2506.0,2437.0,2335.0,2490.5714285714284,2443.3571428571427,4,1
2025-06-02,10,19,5,2518.0,16,2528.0,2457.0,2361.0,2499.285714285714,2454.5714285714284,-11,1
2025-06-03,5,23,11,2519.0,15,2518.0,2467.0,2385.0,2506.714285714286,2464.1428571428573,-4,1
2025-06-04,4,16,9,2516.0,16,2519.0,2473.0,2392.0,2512.8571428571427,2473.0,-7,1
2025-06-05,8,26,5,2503.0,21,2516.0,2504.0,2394.0,2512.714285714286,2480.785714285714,-16,1
2025-06-08,10,16,15,2507.0,13,2503.0,2499.0,2394.0,2513.8571428571427,2488.8571428571427,2,1
2025-06-09,8,21,14,2516.0,9,2507.0,2506.0,2410.0,2515.285714285714,2496.4285714285716,5,1
2025-06-10,17,28,7,2511.0,12,2516.0,2528.0,2437.0,2512.8571428571427,2501.714285714286,-5,1
2025-06-17,7,24,10,2523.0,14,2511.0,2518.0,2457.0,2513.5714285714284,2506.4285714285716,-4,1
2025-06-19,8,19,7,2501.0,18,2523.0,2519.0,2467.0,2511.0,2508.8571428571427,-11,1
2025-06-22,7,13,5,2508.0,7,2501.0,2516.0,2473.0,2509.8571428571427,2511.3571428571427,-2,1
2025-06-23,3,15,5,2495.0,17,2508.0,2503.0,2504.0,2508.714285714286,2510.714285714286,-12,1
2025-06-24,5,20,5,2489.0,16,2495.0,2507.0,2499.0,2506.1428571428573,2510.0,-11,1
2025-06-25,6,12,2,2470.0,24,2489.0,2516.0,2506.0,2499.5714285714284,2507.4285714285716,-22,1
2025-06-26,3,9,7,2447.0,35,2470.0,2511.0,2528.0,2490.4285714285716,2501.6428571428573,-28,1
2025-06-29,5,17,7,2413.0,20,2447.0,2523.0,2518.0,2474.714285714286,2494.1428571428573,-13,1
2025-06-30,9,22,8,2407.0,16,2413.0,2501.0,2519.0,2461.285714285714,2486.1428571428573,-8,1
2025-07-01,7,14,6,2391.0,22,2407.0,2508.0,2516.0,2444.5714285714284,2477.214285714286,-16,1
2025-07-02,8,20,9,2373.0,38,2391.0,2495.0,2503.0,2427.1428571428573,2467.9285714285716,-29,1
2025-07-06,4,17,2,2332.0,8,2373.0,2489.0,2507.0,2404.714285714286,2455.4285714285716,-6,1
2025-07-07,3,18,8,2317.0,20,2332.0,2470.0,2516.0,2382.8571428571427,2441.214285714286,-12,1
2025-07-08,5,16,8,2306.0,20,2317.0,2447.0,2511.0,2362.714285714286,2426.5714285714284,-12,1
2025-07-09,2,18,0,2281.0,32,2306.0,2413.0,2523.0,2343.8571428571427,2409.285714285714,-32,1
2025-07-10,2,12,3,2252.0,39,2281.0,2407.0,2501.0,2321.714285714286,2391.5,-36,1
2025-07-13,1,13,4,2204.0,10,2252.0,2391.0,2508.0,2295.0,2369.785714285714,-6,1
2025-07-14,2,9,1,2181.0,26,2204.0,2373.0,2495.0,2267.5714285714284,2347.3571428571427,-25,1
2025-07-15,0,8,5,2171.0,17,2181.0,2332.0,2489.0,2244.5714285714284,2324.6428571428573,-12,1
2025-07-16,1,9,0,2164.0,11,2171.0,2317.0,2470.0,2222.714285714286,2302.785714285714,-11,1
2025-07-17,3,16,2,2153.0,17,2164.0,2306.0,2447.0,2200.8571428571427,2281.785714285714,-15,1
2025-07-21,4,18,7,2121.0,16,2153.0,2281.0,2413.0,2178.0,2260.9285714285716,-9,1
2025-07-22,5,13,3,2117.0,16,2121.0,2252.0,2407.0,2158.714285714286,2240.214285714286,-13,1
2025-07-23,6,21,5,2111.0,14,2117.0,2204.0,2391.0,2145.4285714285716,2220.214285714286,-9,1
2025-07-24,6,18,7,2096.0,29,2111.0,2181.0,2373.0,2133.285714285714,2200.4285714285716,-22,1
2025-07-27,1,12,2,2088.0,4,2096.0,2171.0,2332.0,2121.4285714285716,2183.0,-2,1
2025-07-28,2,9,3,2080.0,14,2088.0,2164.0,2317.0,2109.4285714285716,2166.0714285714284,-11,1
2025-07-29,2,8,3,2072.0,12,2080.0,2153.0,2306.0,2097.8571428571427,2149.3571428571427,-9,1
2025-07-30,4,15,4,2063.0,16,2072.0,2121.0,2281.0,2089.5714285714284,2133.785714285714,-12,1
2025-07-31,2,9,6,2058.0,15,2063.0,2117.0,2252.0,2081.1428571428573,2119.9285714285716,-9,1
2025-08-03,5,26,3,2049.0,5,2058.0,2111.0,2204.0,2072.285714285714,2108.8571428571427,-2,1
2025-08-04,5,22,11,2040.0,14,2049.0,2096.0,2181.0,2064.285714285714,2098.785714285714,-3,1
2025-08-05,2,21,10,2042.0,14,2040.0,2088.0,2171.0,2057.714285714286,2089.5714285714284,-4,1
2025-08-06,4,17,3,2036.0,13,2042.0,2080.0,2164.0,2051.4285714285716,2080.4285714285716,-10,1
2025-08-07,4,18,6,2031.0,17,2036.0,2072.0,2153.0,2045.5714285714287,2071.714285714286,-11,1
2025-08-10,0,18,8,2006.0,12,2031.0,2063.0,2121.0,2037.4285714285713,2063.5,-4,1
2025-08-11,6,23,4,1999.0,16,2006.0,2058.0,2117.0,2029.0,2055.0714285714284,-12,1
2025-08-12,8,38,9,1999.0,9,1999.0,2049.0,2111.0,2021.857142857143,2047.0714285714287,0,1
2025-08-13,6,22,12,1997.0,17,1999.0,2040.0,2096.0,2015.7142857142858,2040.0,-5,1
2025-08-14,3,27,4,1994.0,11,1997.0,2042.0,2088.0,2008.857142857143,2033.2857142857142,-7,1
2025-08-17,4,14,2,1991.0,3,1994.0,2036.0,2080.0,2002.4285714285713,2026.9285714285713,-1,1
2025-08-18,4,20,6,1985.0,14,1991.0,2031.0,2072.0,1995.857142857143,2020.7142857142858,-8,1
2025-08-19,5,35,3,1980.0,11,1985.0,2006.0,2063.0,1992.142857142857,2014.7857142857142,-8,1
2025-08-20,10,38,10,1983.0,10,1980.0,1999.0,2058.0,1989.857142857143,2009.4285714285713,0,1
2025-08-21,6,49,8,1972.0,21,1983.0,1999.0,2049.0,1986.0,2003.9285714285713,-13,1
2025-08-24,4,21,5,1981.0,5,1972.0,1997.0,2040.0,1983.7142857142858,1999.7142857142858,0,1
2025-08-25,8,30,8,1980.0,11,1981.0,1994.0,2042.0,1981.7142857142858,1995.2857142857142,-3,1
2025-08-26,10,21,20,1989.0,15,1980.0,1991.0,2036.0,1981.4285714285713,1991.9285714285713,5,1
2025-08-27,5,19,9,1988.0,19,1989.0,1985.0,2031.0,1981.857142857143,1988.857142857143,-10,1
2025-08-28,8,33,6,1984.0,17,1988.0,1980.0,2006.0,1982.4285714285713,1987.2857142857142,-11,1
2025-09-01,10,29,17,2010.0,5,1984.0,1983.0,1999.0,1986.2857142857142,1988.0714285714287,12,1
2025-09-02,6,35,9,2020.0,9,2010.0,1972.0,1999.0,1993.142857142857,1989.5714285714287,0,1
2025-09-03,4,29,11,2019.0,10,2020.0,1981.0,1997.0,1998.5714285714287,1991.142857142857,1,1
2025-09-04,11,40,2,2015.0,14,2019.0,1980.0,1994.0,2003.5714285714287,1992.642857142857,-12,1
2025-09-07,4,19,9,2026.0,7,2015.0,1989.0,1991.0,2008.857142857143,1995.142857142857,2,1
2025-09-08,7,25,5,2025.0,6,2026.0,1988.0,1985.0,2014.142857142857,1998.0,-1,1
2025-09-09,18,42,11,2023.0,14,2025.0,1984.0,1980.0,2019.7142857142858,2001.0714285714287,-3,1
2025-09-10,10,47,14,2025.0,18,2023.0,2010.0,1983.0,2021.857142857143,2004.0714285714287,-4,1
2025-09-11,12,38,29,2047.0,6,2025.0,2020.0,1972.0,2025.7142857142858,2009.4285714285713,23,1
2025-09-14,7,39,13,2083.0,5,2047.0,2019.0,1981.0,2034.857142857143,2016.7142857142858,8,1
2025-09-15,9,47,10,2086.0,10,2083.0,2015.0,1980.0,2045.0,2024.2857142857142,0,1
2025-09-16,7,28,17,2095.0,12,2086.0,2026.0,1989.0,2054.8571428571427,2031.857142857143,5,1
2025-09-17,7,38,5,2096.0,13,2095.0,2025.0,1988.0,2065.0,2039.5714285714287,-8,1
2025-09-18,20,52,11,2096.0,14,2096.0,2023.0,1984.0,2075.4285714285716,2047.5714285714287,-3,1
2025-09-21,8,35,13,2134.0,5,2096.0,2025.0,2010.0,2091.0,2056.4285714285716,8,1
2025-09-22,17,40,14,2141.0,10,2134.0,2047.0,2020.0,2104.4285714285716,2065.0714285714284,4,1
2025-09-23,11,36,10,2145.0,15,2141.0,2083.0,2019.0,2113.285714285714,2074.0714285714284,-5,1
2025-09-24,3,38,12,2138.0,17,2145.0,2086.0,2015.0,2120.714285714286,2082.8571428571427,-5,1
2025-09-25,6,35,12,2132.0,18,2138.0,2095.0,2026.0,2126.0,2090.4285714285716,-6,1
2025-09-28,11,29,12,2146.0,9,2132.0,2096.0,2025.0,2133.1428571428573,2099.0714285714284,3,1
2025-09-29,8,35,12,2148.0,13,2146.0,2096.0,2023.0,2140.5714285714284,2108.0,-1,1
2025-09-30,8,32,12,2159.0,7,2148.0,2134.0,2025.0,2144.1428571428573,2117.5714285714284,5,1
2025-10-01,4,33,12,2163.0,14,2159.0,2141.0,2047.0,2147.285714285714,2125.8571428571427,-2,1
2025-10-02,20,51,15,2164.0,16,2163.0,2145.0,2083.0,2150.0,2131.6428571428573,-1,1
2025-10-05,8,28,13,2180.0,16,2164.0,2138.0,2086.0,2156.0,2138.3571428571427,-3,1
2025-10-06,5,33,15,2187.0,10,2180.0,2132.0,2095.0,2163.8571428571427,2144.9285714285716,5,1
2025-10-07,11,45,4,2189.0,10,2187.0,2146.0,2096.0,2170.0,2151.5714285714284,-6,1
2025-10-08,8,49,15,2192.0,17,2189.0,2148.0,2096.0,2176.285714285714,2158.4285714285716,-2,1
2025-10-09,11,55,13,2192.0,12,2192.0,2159.0,2134.0,2181.0,2162.5714285714284,1,1
2025-10-13,8,24,7,2223.0,6,2192.0,2163.0,2141.0,2189.5714285714284,2168.4285714285716,1,1
2025-10-14,7,30,16,2235.0,8,2223.0,2164.0,2145.0,2199.714285714286,2174.8571428571427,8,1
2025-10-15,8,29,10,2225.0,15,2235.0,2180.0,2138.0,2206.1428571428573,2181.0714285714284,-5,1
2025-10-16,9,33,15,2233.0,9,2225.0,2187.0,2132.0,2212.714285714286,2188.285714285714,6,1
2025-10-19,9,34,17,2237.0,7,2233.0,2189.0,2146.0,2219.5714285714284,2194.785714285714,10,1
2025-10-20,10,39,6,2243.0,7,2237.0,2192.0,2148.0,2226.8571428571427,2201.5714285714284,-1,1
2025-10-21,13,39,17,2251.0,9,2243.0,2192.0,2159.0,2235.285714285714,2208.1428571428573,8,1
2025-10-22,12,42,13,2261.0,12,2251.0,2223.0,2163.0,2240.714285714286,2215.1428571428573,1,1
2025-10-23,4,27,26,2266.0,18,2261.0,2235.0,2164.0,2245.1428571428573,2222.4285714285716,8,1
2025-10-26,4,35,12,2276.0,10,2266.0,2225.0,2180.0,2252.4285714285716,2229.285714285714,2,1
2025-10-27,2,31,8,2282.0,11,2276.0,2233.0,2187.0,2259.4285714285716,2236.0714285714284,-3,1
2025-10-28,6,22,11,2286.0,6,2282.0,2237.0,2189.0,2266.4285714285716,2243.0,5,1
2025-10-29,6,25,4,2280.0,17,2286.0,2243.0,2192.0,2271.714285714286,2249.285714285714,-13,1
2025-10-30,3,17,14,2287.0,12,2280.0,2251.0,2192.0,2276.8571428571427,2256.0714285714284,2,1
2025-11-02,5,21,10,2277.0,7,2287.0,2261.0,2223.0,2279.1428571428573,2259.9285714285716,3,1
2025-11-03,3,28,5,2269.0,12,2277.0,2266.0,2235.0,2279.5714285714284,2262.3571428571427,-7,1
2025-11-04,6,33,6,2270.0,8,2269.0,2276.0,2225.0,2278.714285714286,2265.5714285714284,-2,1
2025-11-05,8,41,8,2272.0,7,2270.0,2282.0,2233.0,2277.285714285714,2268.3571428571427,1,1
2025-11-06,6,33,9,2264.0,19,2272.0,2286.0,2237.0,2274.1428571428573,2270.285714285714,-10,1
2025-11-09,11,33,5,2294.0,4,2264.0,2280.0,2243.0,2276.1428571428573,2273.9285714285716,1,1
2025-11-11,11,39,12,2294.0,14,2294.0,2287.0,2251.0,2277.1428571428573,2277.0,-2,1
2025-11-12,14,48,20,2302.0,7,2294.0,2277.0,2261.0,2280.714285714286,2279.9285714285716,13,1
2025-11-13,6,26,16,2317.0,5,2302.0,2269.0,2266.0,2287.5714285714284,2283.5714285714284,11,1
2025-11-16,5,22,3,2340.0,5,2317.0,2270.0,2276.0,2297.5714285714284,2288.1428571428573,-2,1
2025-11-17,1,35,6,2343.0,8,2340.0,2272.0,2282.0,2307.714285714286,2292.5,-2,1
2025-11-18,2,38,8,2345.0,12,2343.0,2264.0,2286.0,2319.285714285714,2296.714285714286,-4,1
2025-11-19,7,32,3,2340.0,10,2345.0,2294.0,2280.0,2325.8571428571427,2301.0,-7,1
2025-11-20,18,57,8,2340.0,9,2340.0,2294.0,2287.0,2332.4285714285716,2304.785714285714,-1,1
2025-11-23,3,46,22,2375.0,1,2340.0,2302.0,2277.0,2342.8571428571427,2311.785714285714,21,1
2025-11-24,9,40,9,2371.0,13,2375.0,2317.0,2269.0,2350.5714285714284,2319.0714285714284,-4,1
2025-11-25,6,47,14,2375.0,11,2371.0,2340.0,2270.0,2355.5714285714284,2326.5714285714284,3,1
2025-11-27,4,24,8,2389.0,7,2375.0,2343.0,2272.0,2362.1428571428573,2334.9285714285716,1,1
2025-11-30,4,18,10,2415.0,0,2389.0,2345.0,2264.0,2372.1428571428573,2345.714285714286,10,1
2025-12-01,4,26,4,2410.0,9,2415.0,2340.0,2294.0,2382.1428571428573,2354.0,-5,1
2025-12-02,7,34,6,2407.0,8,2410.0,2340.0,2294.0,2391.714285714286,2362.0714285714284,-2,1
2025-12-03,4,32,8,2419.0,7,2407.0,2375.0,2302.0,2398.0,2370.4285714285716,1,1
2025-12-04,16,39,7,2418.0,13,2419.0,2371.0,2317.0,2404.714285714286,2377.6428571428573,-6,1
2025-12-07,4,24,13,2429.0,12,2418.0,2375.0,2340.0,2412.4285714285716,2384.0,1,1
2025-12-08,9,27,9,2440.0,4,2429.0,2389.0,2343.0,2419.714285714286,2390.9285714285716,5,1
2025-12-09,4,30,7,2443.0,8,2440.0,2415.0,2345.0,2423.714285714286,2397.9285714285716,-1,1
2025-12-10,10,54,5,2439.0,9,2443.0,2410.0,2340.0,2427.8571428571427,2405.0,-4,1
2025-12-11,7,47,9,2437.0,10,2439.0,2407.0,2340.0,2432.1428571428573,2411.9285714285716,-1,1
2025-12-14,8,35,4,2462.0,8,2437.0,2419.0,2375.0,2438.285714285714,2418.1428571428573,-4,1
2025-12-15,11,42,9,2470.0,7,2462.0,2418.0,2371.0,2445.714285714286,2425.214285714286,2,1
2025-12-16,8,54,15,2468.0,9,2470.0,2429.0,2375.0,2451.285714285714,2431.8571428571427,6,1
2025-12-17,7,31,11,2481.0,10,2468.0,2440.0,2389.0,2457.1428571428573,2438.4285714285716,1,1
2025-12-18,11,50,6,2472.0,16,2481.0,2443.0,2415.0,2461.285714285714,2442.5,-10,1
2025-12-21,6,18,11,2484.0,14,2472.0,2439.0,2410.0,2467.714285714286,2447.785714285714,-3,1
